Sentence,Response,text
come si misura la pressione?,"La pressione si misura con un misuratore di pressione al braccio, possibilmente validato, che puoi acquistare in farmacia o su internet. Durante tutta la misurazione della pressione e fino al completo sgonfiaggio del bracciale, è bene tenere presente le seguenti semplici raccomandazioni:
 
 Il paziente dovrebbe essere rilassato, seduto comodamente, con le gambe non incrociate, in ambiente tranquillo, con temperatura confortevole da almeno cinque minuti.
 Non si dovrebbe assumere bevande contenenti caffeina nell’ora precedente, né aver fumato da almeno un quarto d’ora (anzi, non si dovrebbe fumare mai!).
 Il paziente non dovrebbe parlare durante la registrazione.
 Il braccio deve essere appoggiato ed il bracciale deve essere all’altezza del cuore (vedi figura). Non importa quale braccio venga usato per la misurazione, ma bisogna ricordare che esistono a volte differenze sensibili nei valori misurati nelle due braccia. In tali casi, si dovrà utilizzare per la misura il braccio con la pressione più elevata.
 Le dimensioni del bracciale di gomma devono essere adattate alla dimensione del braccio del paziente. Nel caso di bambini o di adulti molto magri, è necessario utilizzare bracciali di dimensioni minori di quelle standard, mentre nel caso di persone molto robuste o di pazienti obesi, il bracciale dovrebbe avere una lunghezza e larghezza superiore, possibilmente di forma tronco-conica.","### Sentence ### come si misura la pressione? ### Response ### La pressione si misura con un misuratore di pressione al braccio, possibilmente validato, che puoi acquistare in farmacia o su internet. Durante tutta la misurazione della pressione e fino al completo sgonfiaggio del bracciale, è bene tenere presente le seguenti semplici raccomandazioni:
 
 Il paziente dovrebbe essere rilassato, seduto comodamente, con le gambe non incrociate, in ambiente tranquillo, con temperatura confortevole da almeno cinque minuti.
 Non si dovrebbe assumere bevande contenenti caffeina nell’ora precedente, né aver fumato da almeno un quarto d’ora (anzi, non si dovrebbe fumare mai!).
 Il paziente non dovrebbe parlare durante la registrazione.
 Il braccio deve essere appoggiato ed il bracciale deve essere all’altezza del cuore (vedi figura). Non importa quale braccio venga usato per la misurazione, ma bisogna ricordare che esistono a volte differenze sensibili nei valori misurati nelle due braccia. In tali casi, si dovrà utilizzare per la misura il braccio con la pressione più elevata.
 Le dimensioni del bracciale di gomma devono essere adattate alla dimensione del braccio del paziente. Nel caso di bambini o di adulti molto magri, è necessario utilizzare bracciali di dimensioni minori di quelle standard, mentre nel caso di persone molto robuste o di pazienti obesi, il bracciale dovrebbe avere una lunghezza e larghezza superiore, possibilmente di forma tronco-conica."
Sono molto preoccupato per i miei livelli di pressione sanguigna.,Non bisogna avere timore riguardo ai prori valori pressori. La pressione è un parametro molto variabile per cui va valutate nel lungo termine soprattutto se si assumono terapie farmacologiche. E' necessario essere visti periodicamente dal proprio medico che apporterà eventuali modifiche terapeutiche se necessarie.,### Sentence ### Sono molto preoccupato per i miei livelli di pressione sanguigna. ### Response ### Non bisogna avere timore riguardo ai prori valori pressori. La pressione è un parametro molto variabile per cui va valutate nel lungo termine soprattutto se si assumono terapie farmacologiche. E' necessario essere visti periodicamente dal proprio medico che apporterà eventuali modifiche terapeutiche se necessarie.
"ciao, assistente! sono pronto per un altro giorno di successi nella gestione della mia ipertensione.",Sono pronto anch'io!,"### Sentence ### ciao, assistente! sono pronto per un altro giorno di successi nella gestione della mia ipertensione. ### Response ### Sono pronto anch'io!"
Non ho paura della mia ipertensione.,"E' corretto, non è necessario temere l'ipertensione in quanto è un fattore di rischio non una malattia. Tuttavia non va' nemmeno trascurata ma va' controllata assicurandosi che i valori rimangano entro i limiti di norma","### Sentence ### Non ho paura della mia ipertensione. ### Response ### E' corretto, non è necessario temere l'ipertensione in quanto è un fattore di rischio non una malattia. Tuttavia non va' nemmeno trascurata ma va' controllata assicurandosi che i valori rimangano entro i limiti di norma"
come la contraccezione ormonale può influenzare l’ipertensione?,Bella domanda! I dati in letteratura scientifica ci dicono che è descritta un'associazione tra contraccezione ormonale e lo sviluppo di ipertensione. Ciò sarebbe dovuto all'effetto di questi farmaci sul funzionamento dei meccanismi che regolano la pressione. Tuttavia i contraccettivi sono molto diversi tra loro e non tutti sono associabili al rischio di sviluppare ipertensione,### Sentence ### come la contraccezione ormonale può influenzare l’ipertensione? ### Response ### Bella domanda! I dati in letteratura scientifica ci dicono che è descritta un'associazione tra contraccezione ormonale e lo sviluppo di ipertensione. Ciò sarebbe dovuto all'effetto di questi farmaci sul funzionamento dei meccanismi che regolano la pressione. Tuttavia i contraccettivi sono molto diversi tra loro e non tutti sono associabili al rischio di sviluppare ipertensione
sono molto stressato a causa della mia pressione alta.,Non c'è motivo di essere stressati riguardo ai prori valori pressori. La pressione è un parametro molto variabile per cui va valutata nel lungo termine soprattutto se si assumono terapie farmacologiche. Se ti senti molto stressato/a ti consiglio di parlarne con il tuo medico che apporterà eventuali modifiche terapeutiche se necessarie.,### Sentence ### sono molto stressato a causa della mia pressione alta. ### Response ### Non c'è motivo di essere stressati riguardo ai prori valori pressori. La pressione è un parametro molto variabile per cui va valutata nel lungo termine soprattutto se si assumono terapie farmacologiche. Se ti senti molto stressato/a ti consiglio di parlarne con il tuo medico che apporterà eventuali modifiche terapeutiche se necessarie.
Quali sono i fattori di rischio per l’ipertensione?,"Tra i fattori di rischio modificabili vi sono le diete non salutari (consumo eccessivo di sale, dieta ricca di grassi, scarso apporto di frutta e verdura), l'inattività fisica, il consumo di tabacco e alcol, il sovrappeso o l'obesità. Esistono inoltre fattori di rischio ambientali tra cui l'inquinamento atmosferico. I fattori di rischio non modificabili includono una storia familiare di ipertensione, l'età superiore ai 65 anni e malattie coesistenti come il diabete o le malattie renali.","### Sentence ### Quali sono i fattori di rischio per l’ipertensione? ### Response ### Tra i fattori di rischio modificabili vi sono le diete non salutari (consumo eccessivo di sale, dieta ricca di grassi, scarso apporto di frutta e verdura), l'inattività fisica, il consumo di tabacco e alcol, il sovrappeso o l'obesità. Esistono inoltre fattori di rischio ambientali tra cui l'inquinamento atmosferico. I fattori di rischio non modificabili includono una storia familiare di ipertensione, l'età superiore ai 65 anni e malattie coesistenti come il diabete o le malattie renali."
"Ho un forte mal di testa, cosa posso fare?","Non sono un medico e non posso consigliarti nulla in merito. Solitamente si assumon analgesici, non conviene controllare la pressione mentre si ha mal di testa, la troverai spesso molto variabile.","### Sentence ### Ho un forte mal di testa, cosa posso fare? ### Response ### Non sono un medico e non posso consigliarti nulla in merito. Solitamente si assumon analgesici, non conviene controllare la pressione mentre si ha mal di testa, la troverai spesso molto variabile."
come lo stress può influenzare l’ipertensione?,Lo stress può provocare un breve rialzo della pressione sanguigna ma non ci sono dati certi che lo stress possa causare un aumento della pressione sanguigna a lungo termine.,### Sentence ### come lo stress può influenzare l’ipertensione? ### Response ### Lo stress può provocare un breve rialzo della pressione sanguigna ma non ci sono dati certi che lo stress possa causare un aumento della pressione sanguigna a lungo termine.
quali sono i trattamenti disponibili per l’ipertensione?,"Le terapie per l'ipertensione arteriosa includono trattamenti non farmacologici come le modifiche dello stile di vita, ad esempio maggiore attività fisica, riduzione dell'introito di sale con la dieta, e trattamenti farmacologici che includono diversi farmaci antipertensivi","### Sentence ### quali sono i trattamenti disponibili per l’ipertensione? ### Response ### Le terapie per l'ipertensione arteriosa includono trattamenti non farmacologici come le modifiche dello stile di vita, ad esempio maggiore attività fisica, riduzione dell'introito di sale con la dieta, e trattamenti farmacologici che includono diversi farmaci antipertensivi"
vorrei registrare la mia ultima frequenza,Certamente dimmi pure!,### Sentence ### vorrei registrare la mia ultima frequenza ### Response ### Certamente dimmi pure!
come la razza può influenzare il mio rischio di malattie cardiache?,La razza è uno dei fattori che possono influenzare le malattie cardiache soprattutto la pressione. Ad esempio la razza nera si associa maggiormente ad ipertensione arteriosa rispetto alla razza bianca,### Sentence ### come la razza può influenzare il mio rischio di malattie cardiache? ### Response ### La razza è uno dei fattori che possono influenzare le malattie cardiache soprattutto la pressione. Ad esempio la razza nera si associa maggiormente ad ipertensione arteriosa rispetto alla razza bianca
Sono molto nervoso per la mia ipertensione.,Non c'è motivo di essere nervosi riguardo ai prori valori pressori. La pressione è un parametro molto variabile per cui va valutata nel lungo termine soprattutto se si assumono terapie farmacologiche. Se ti senti molto stressato/a ti consiglio di parlarne con il tuo medico che apporterà eventuali modifiche terapeutiche se necessarie.,### Sentence ### Sono molto nervoso per la mia ipertensione. ### Response ### Non c'è motivo di essere nervosi riguardo ai prori valori pressori. La pressione è un parametro molto variabile per cui va valutata nel lungo termine soprattutto se si assumono terapie farmacologiche. Se ti senti molto stressato/a ti consiglio di parlarne con il tuo medico che apporterà eventuali modifiche terapeutiche se necessarie.
posso aggiungere i dati della mia pressione sanguigna dell’anno scorso?,"Certamente, tuttavia si tratta di valori di pressione un po' datati che potrebbero non influire sulla tua eventuale attuale terapia antipertensiva","### Sentence ### posso aggiungere i dati della mia pressione sanguigna dell’anno scorso? ### Response ### Certamente, tuttavia si tratta di valori di pressione un po' datati che potrebbero non influire sulla tua eventuale attuale terapia antipertensiva"
"Non mi sento molto bene, la mia frequenza cardiaca è più alta del solito.",Se ti senti poco bene ti consiglio di riferirlo al tuo Medico di Medicina Generale. Purtroppo la frequenza cardiaca non è un parametro molto affidabile per capire qual è la causa dei tuoi disturbi,"### Sentence ### Non mi sento molto bene, la mia frequenza cardiaca è più alta del solito. ### Response ### Se ti senti poco bene ti consiglio di riferirlo al tuo Medico di Medicina Generale. Purtroppo la frequenza cardiaca non è un parametro molto affidabile per capire qual è la causa dei tuoi disturbi"
Mi sento molto preoccupato per la mia pressione alta.,Non bisogna avere timore riguardo ai prori valori pressori. La pressione è un parametro molto variabile per cui va valutate nel lungo termine soprattutto se si assumono terapie farmacologiche. E' necessario essere visti periodicamente dal proprio medico che apporterà eventuali modifiche terapeutiche se necessarie.,### Sentence ### Mi sento molto preoccupato per la mia pressione alta. ### Response ### Non bisogna avere timore riguardo ai prori valori pressori. La pressione è un parametro molto variabile per cui va valutate nel lungo termine soprattutto se si assumono terapie farmacologiche. E' necessario essere visti periodicamente dal proprio medico che apporterà eventuali modifiche terapeutiche se necessarie.
"Arrivederci, assistente! Grazie per avermi aiutato a gestire la mia ipertensione oggi.",A presto!,"### Sentence ### Arrivederci, assistente! Grazie per avermi aiutato a gestire la mia ipertensione oggi. ### Response ### A presto!"
Come l’ipertensione può influenzare la mia vita quotidiana?,"L'ipertensione in se' non è una patologia ma un fattore di rischio che si gestisce con la terapia non farmacologica (cambiando dieta, aumentando l'attività fisica) e/o assumendo medicine. Queste attività possono sicuramente influenzare la vita quotidiana ma hanno l'obiettivo di farci vivere meglio e più a lungo.","### Sentence ### Come l’ipertensione può influenzare la mia vita quotidiana? ### Response ### L'ipertensione in se' non è una patologia ma un fattore di rischio che si gestisce con la terapia non farmacologica (cambiando dieta, aumentando l'attività fisica) e/o assumendo medicine. Queste attività possono sicuramente influenzare la vita quotidiana ma hanno l'obiettivo di farci vivere meglio e più a lungo."
"Se ho un paziente iperteso, aumenta molto il mio rischio di sviluppare ipertensione?","Se hai un paziente già iperteso ha già la condizione, è semmai a rischio di sviluppare malattie cardiovascolari se non adeguatamente trattato","### Sentence ### Se ho un paziente iperteso, aumenta molto il mio rischio di sviluppare ipertensione? ### Response ### Se hai un paziente già iperteso ha già la condizione, è semmai a rischio di sviluppare malattie cardiovascolari se non adeguatamente trattato"
"Mi sento molto debole, cosa mi consigli?","Non sono un medico e non posso consigliarti nulla in merito. Può essere utile misurare la pressione, se la massima è minore o uguale a 90 mmHg consulta subito un medico.","### Sentence ### Mi sento molto debole, cosa mi consigli? ### Response ### Non sono un medico e non posso consigliarti nulla in merito. Può essere utile misurare la pressione, se la massima è minore o uguale a 90 mmHg consulta subito un medico."
"we, assistente! Spero tu possa aiutarmi oggi con la mia ipertensione.","Ciao, il suggerimento che posso darti oggi è quello di misurare di tanto in tanto la pressione e mostrare al tuo medico i valori pressori in modo che lui/lei possa decidere come proseguire la tua terapia antipertensiva. In alternativa, puoi fornirmi le misurazioni dell'ultima settimana che hai fatto, cosicché io possa darti qualche indicazione su come sta evolvendo la gestione della tua pressione arteriosa.","### Sentence ### we, assistente! Spero tu possa aiutarmi oggi con la mia ipertensione. ### Response ### Ciao, il suggerimento che posso darti oggi è quello di misurare di tanto in tanto la pressione e mostrare al tuo medico i valori pressori in modo che lui/lei possa decidere come proseguire la tua terapia antipertensiva. In alternativa, puoi fornirmi le misurazioni dell'ultima settimana che hai fatto, cosicché io possa darti qualche indicazione su come sta evolvendo la gestione della tua pressione arteriosa."
"a presto, assistente! spero che tu possa continuare ad aiutarmi a gestire la mia ipertensione.",A presto!,"### Sentence ### a presto, assistente! spero che tu possa continuare ad aiutarmi a gestire la mia ipertensione. ### Response ### A presto!"
posso registrare i dati della mia frequenza cardiaca di quest’anno?,Certamente,### Sentence ### posso registrare i dati della mia frequenza cardiaca di quest’anno? ### Response ### Certamente
Mi sento molto rilassato e la mia pressione sanguigna è ottima.,"Mi fa piacere! Tuttavia, ti suggerisco di continuare le misurazioni ogni almeno 72 ore.","### Sentence ### Mi sento molto rilassato e la mia pressione sanguigna è ottima. ### Response ### Mi fa piacere! Tuttavia, ti suggerisco di continuare le misurazioni ogni almeno 72 ore."
"ho fatto nuove misurazioni, posso inviartele?",Certamente!,"### Sentence ### ho fatto nuove misurazioni, posso inviartele? ### Response ### Certamente!"
non sono stressato per la mia ipertensione.,Non c'è motivo di essere stressati riguardo ai prori valori pressori. La pressione è un parametro molto variabile per cui va valutata nel lungo termine soprattutto se si assumono terapie farmacologiche. Se ti senti molto stressato/a ti consiglio di parlarne con il tuo medico che apporterà eventuali modifiche terapeutiche se necessarie.,### Sentence ### non sono stressato per la mia ipertensione. ### Response ### Non c'è motivo di essere stressati riguardo ai prori valori pressori. La pressione è un parametro molto variabile per cui va valutata nel lungo termine soprattutto se si assumono terapie farmacologiche. Se ti senti molto stressato/a ti consiglio di parlarne con il tuo medico che apporterà eventuali modifiche terapeutiche se necessarie.
come l’asma può influenzare la mia vita quotidiana?,L'asma può determinare mancanza di respiro e rendere difficile l'esecuzione delle attività quotidiane,### Sentence ### come l’asma può influenzare la mia vita quotidiana? ### Response ### L'asma può determinare mancanza di respiro e rendere difficile l'esecuzione delle attività quotidiane
"Ho qualche misura di pressione alta ogni tanto, ma immagino sia normale",Esatto! La pressione è un parametro molto variabile per cui va valutata nel lungo termine. Non è sufficiente un o più valori misurati in un breve intervallo di tempo per determinare la necessità di aggiungere o potenziare la terapia.,"### Sentence ### Ho qualche misura di pressione alta ogni tanto, ma immagino sia normale ### Response ### Esatto! La pressione è un parametro molto variabile per cui va valutata nel lungo termine. Non è sufficiente un o più valori misurati in un breve intervallo di tempo per determinare la necessità di aggiungere o potenziare la terapia."
Ho notato che sto dormendo meglio da quando ho iniziato la nuova dieta.,"Questo è possibile, infatti alcuni studi hanno dimostrato che alcune diete sono in grado di migliorare la qualità del sonno","### Sentence ### Ho notato che sto dormendo meglio da quando ho iniziato la nuova dieta. ### Response ### Questo è possibile, infatti alcuni studi hanno dimostrato che alcune diete sono in grado di migliorare la qualità del sonno"
non ho nervosismo per la mia ipertensione.,Non c'è motivo di essere nervosi riguardo ai prori valori pressori. La pressione è un parametro molto variabile per cui va valutata nel lungo termine soprattutto se si assumono terapie farmacologiche. Se ti senti molto stressato/a ti consiglio di parlarne con il tuo medico che apporterà eventuali modifiche terapeutiche se necessarie.,### Sentence ### non ho nervosismo per la mia ipertensione. ### Response ### Non c'è motivo di essere nervosi riguardo ai prori valori pressori. La pressione è un parametro molto variabile per cui va valutata nel lungo termine soprattutto se si assumono terapie farmacologiche. Se ti senti molto stressato/a ti consiglio di parlarne con il tuo medico che apporterà eventuali modifiche terapeutiche se necessarie.
Cosa causa l’ipertensione?,"L'ipertensione arteriosa di solito si sviluppa nel tempo. Può verificarsi a causa di scelte di vita non salutari, come la mancanza di attività fisica regolare o a causa di alcune patologie come il diabete che può aumentare il rischio di sviluppare ipertensione. In una piccola proporzione l'ipertensione è causata da fattori secondari come patologie ai reni e surreni.","### Sentence ### Cosa causa l’ipertensione? ### Response ### L'ipertensione arteriosa di solito si sviluppa nel tempo. Può verificarsi a causa di scelte di vita non salutari, come la mancanza di attività fisica regolare o a causa di alcune patologie come il diabete che può aumentare il rischio di sviluppare ipertensione. In una piccola proporzione l'ipertensione è causata da fattori secondari come patologie ai reni e surreni."
come l’età può influenzare l’ipertensione?,"La pressione arteriosa aumenta in maniera proporzionale con l'età anche se in alcune persone, soprattutto in età avanzata, si può osservare un iniziale calo dei valori pressori. La pressione non è influenzata solo dall'età quindi le variazioni possono dipendere anche da altri fattori tra cui il peso corporeo e la terapia farmacologica.","### Sentence ### come l’età può influenzare l’ipertensione? ### Response ### La pressione arteriosa aumenta in maniera proporzionale con l'età anche se in alcune persone, soprattutto in età avanzata, si può osservare un iniziale calo dei valori pressori. La pressione non è influenzata solo dall'età quindi le variazioni possono dipendere anche da altri fattori tra cui il peso corporeo e la terapia farmacologica."
Ho avuto mal di testa frequenti.,I mal di testa non sono necessariamente legati alla pressione alta. Ti consiglio di parlarne con il tuo medico.,### Sentence ### Ho avuto mal di testa frequenti. ### Response ### I mal di testa non sono necessariamente legati alla pressione alta. Ti consiglio di parlarne con il tuo medico.
posso registrare i dettagli del mio consumo di tabacco?,"Certo, anche se il mio ruolo principale è registrare i valori di pressione e frequenza cardiaca","### Sentence ### posso registrare i dettagli del mio consumo di tabacco? ### Response ### Certo, anche se il mio ruolo principale è registrare i valori di pressione e frequenza cardiaca"
Mi sento un po’ stanco e ho notato che la mia pressione sanguigna è più alta del solito.,Non sempre c'è correlazione tra la pressione e i sintomi riferiti. Per i sintomi ti consigliamo di parlarne con il tuo Medico di Medicina Generale.,### Sentence ### Mi sento un po’ stanco e ho notato che la mia pressione sanguigna è più alta del solito. ### Response ### Non sempre c'è correlazione tra la pressione e i sintomi riferiti. Per i sintomi ti consigliamo di parlarne con il tuo Medico di Medicina Generale.
"Ciao, come stai?",Bene grazie.,"### Sentence ### Ciao, come stai? ### Response ### Bene grazie."
ho paura che la mia pressione alta possa causare problemi alla vista.,L'ipertensione arteriosa può danneggiare i numerosi e minuscoli vasi sanguigni presenti negli occhi e può causare danni come la retinopatia ipertensiva. Tuttavia riducendo la pressione arteriosa si riduce il rischio di sviluppare danni ai vasi degli occhi,### Sentence ### ho paura che la mia pressione alta possa causare problemi alla vista. ### Response ### L'ipertensione arteriosa può danneggiare i numerosi e minuscoli vasi sanguigni presenti negli occhi e può causare danni come la retinopatia ipertensiva. Tuttavia riducendo la pressione arteriosa si riduce il rischio di sviluppare danni ai vasi degli occhi
mi sento molto sereno riguardo alla mia ipertensione.,"MI fa piacere! L'ipertensione è un fattore di rischio, non una patologia.","### Sentence ### mi sento molto sereno riguardo alla mia ipertensione. ### Response ### MI fa piacere! L'ipertensione è un fattore di rischio, non una patologia."
sono molto calmo riguardo alla mia pressione alta.,"Mi fa piacere! Tuttavia, ti suggerisco di continuare le misurazioni ogni almeno 72 ore.","### Sentence ### sono molto calmo riguardo alla mia pressione alta. ### Response ### Mi fa piacere! Tuttavia, ti suggerisco di continuare le misurazioni ogni almeno 72 ore."
non ho paura della mia pressione alta.,Non bisogna avere timore riguardo ai prori valori pressori. La pressione è un parametro molto variabile per cui va valutate nel lungo termine soprattutto se si assumono terapie farmacologiche. E' necessario essere visti periodicamente dal proprio medico che apporterà eventuali modifiche terapeutiche se necessarie.,### Sentence ### non ho paura della mia pressione alta. ### Response ### Non bisogna avere timore riguardo ai prori valori pressori. La pressione è un parametro molto variabile per cui va valutate nel lungo termine soprattutto se si assumono terapie farmacologiche. E' necessario essere visti periodicamente dal proprio medico che apporterà eventuali modifiche terapeutiche se necessarie.
quali sono i sintomi dell’ipertensione?,"La maggior parte delle persone affette da ipertensione arteriosa non presenta alcun sintomo, anche se i valori della pressione sanguigna raggiungono livelli elevati. L'ipertensione può durare anni senza alcun sintomo. A alcune persone con pressione alta possono avere mal di testa, respiro corto, sangue dal naso. Tuttavia, questi sintomi non sono specifici.","### Sentence ### quali sono i sintomi dell’ipertensione? ### Response ### La maggior parte delle persone affette da ipertensione arteriosa non presenta alcun sintomo, anche se i valori della pressione sanguigna raggiungono livelli elevati. L'ipertensione può durare anni senza alcun sintomo. A alcune persone con pressione alta possono avere mal di testa, respiro corto, sangue dal naso. Tuttavia, questi sintomi non sono specifici."
posso registrare i dati della mia frequenza cardiaca del prossimo anno?,"Certo, quando l'anno prossimo misurerai la pressione ricordati di scrivermi i valori in modo che io li possa registrare","### Sentence ### posso registrare i dati della mia frequenza cardiaca del prossimo anno? ### Response ### Certo, quando l'anno prossimo misurerai la pressione ricordati di scrivermi i valori in modo che io li possa registrare"
non sono sereno date le mie ultime misurazioni,Perché io possa aiurtarti ho bisogno di sapere quali sono le tue misurazioni dell'ultima settimana. Ti chiederi di condividermi quindi i valori di pressione sistolica e diastolica che hai acquisito e di continuare le misurazioni ogni almeno 72 ore.,### Sentence ### non sono sereno date le mie ultime misurazioni ### Response ### Perché io possa aiurtarti ho bisogno di sapere quali sono le tue misurazioni dell'ultima settimana. Ti chiederi di condividermi quindi i valori di pressione sistolica e diastolica che hai acquisito e di continuare le misurazioni ogni almeno 72 ore.
come la razza può influenzare l’ipertensione?,La razza è uno dei fattori che possono influenzare la pressione. Ad esempio la razza nera si associa maggiormente ad ipertensione arteriosa rispetto alla razza bianca,### Sentence ### come la razza può influenzare l’ipertensione? ### Response ### La razza è uno dei fattori che possono influenzare la pressione. Ad esempio la razza nera si associa maggiormente ad ipertensione arteriosa rispetto alla razza bianca
sono molto rilassato riguardo alla mia ipertensione.,"Mi fa piacere! Tuttavia, ti suggerisco di continuare le misurazioni ogni almeno 72 ore.","### Sentence ### sono molto rilassato riguardo alla mia ipertensione. ### Response ### Mi fa piacere! Tuttavia, ti suggerisco di continuare le misurazioni ogni almeno 72 ore."
vorrei registrare i miei sintomi di oggi.,"Certo, tuttavia non sono un medico e non sono in grado di darti consigli. In caso tu abbia qualche disturbo ti consiglio di riferirti al tuo Medico di Medicina Generale","### Sentence ### vorrei registrare i miei sintomi di oggi. ### Response ### Certo, tuttavia non sono un medico e non sono in grado di darti consigli. In caso tu abbia qualche disturbo ti consiglio di riferirti al tuo Medico di Medicina Generale"
Posso inserire i dati della mia pressione sanguigna di questo mese?,Certamente!,### Sentence ### Posso inserire i dati della mia pressione sanguigna di questo mese? ### Response ### Certamente!
Sono molto calmo riguardo alla mia ipertensione.,"Mi fa piacere! Tuttavia, ti suggerisco di continuare le misurazioni ogni almeno 72 ore.","### Sentence ### Sono molto calmo riguardo alla mia ipertensione. ### Response ### Mi fa piacere! Tuttavia, ti suggerisco di continuare le misurazioni ogni almeno 72 ore."
come la gravidanza può influenzare l’ipertensione?,La pressione varia molto durante le fasi della gravidanza per cui in caso i valori siano troppo alti va' informato il medico in quanto l'ipertensione in gravidanza se non adeguatamente trattata si associa ad elevato rischio di complicanze per la madre e per il feto,### Sentence ### come la gravidanza può influenzare l’ipertensione? ### Response ### La pressione varia molto durante le fasi della gravidanza per cui in caso i valori siano troppo alti va' informato il medico in quanto l'ipertensione in gravidanza se non adeguatamente trattata si associa ad elevato rischio di complicanze per la madre e per il feto
Come posso prevenire le malattie cardiache?,"Certo! Il modo migliore per farlo è ridurre i fattori di rischio quindi smettere di fumare, abbassare la pressione e i livelli di colesterolo. IN generale avere uno stile di vita sano.","### Sentence ### Come posso prevenire le malattie cardiache? ### Response ### Certo! Il modo migliore per farlo è ridurre i fattori di rischio quindi smettere di fumare, abbassare la pressione e i livelli di colesterolo. IN generale avere uno stile di vita sano."
"buonasera, assistente! spero che tu possa darmi qualche consiglio su come rilassarmi per gestire la mia ipertensione.","Certo, eccoti qualche consiglio: respira lentamente e profondamente questo può aiutare a rilassarsi, fai esercizio fisico regolarmente poichè l'attività fisica allevia lo stress. Puoi provare lo yoga e la meditazione, entrambe aiutano a rilassarsi.","### Sentence ### buonasera, assistente! spero che tu possa darmi qualche consiglio su come rilassarmi per gestire la mia ipertensione. ### Response ### Certo, eccoti qualche consiglio: respira lentamente e profondamente questo può aiutare a rilassarsi, fai esercizio fisico regolarmente poichè l'attività fisica allevia lo stress. Puoi provare lo yoga e la meditazione, entrambe aiutano a rilassarsi."
posso aggiungere i dati della mia pressione sanguigna del prossimo anno?,"Certo, ricordati il prossimo anno di scrivermeli in modo che io possa registrarli","### Sentence ### posso aggiungere i dati della mia pressione sanguigna del prossimo anno? ### Response ### Certo, ricordati il prossimo anno di scrivermeli in modo che io possa registrarli"
La mia pressione stamattina era alta,La pressione è un parametro molto variabile per cui va valutata nel lungo termine. Non è sufficiente un o più valori misurati in un breve intervallo di tempo per determinare la necessità di aggiungere o potenziare la terapia. Ti consiglio di ripetere le misurazioni nei prossimi giorni assicurandoti di eseguirle correttamente.,### Sentence ### La mia pressione stamattina era alta ### Response ### La pressione è un parametro molto variabile per cui va valutata nel lungo termine. Non è sufficiente un o più valori misurati in un breve intervallo di tempo per determinare la necessità di aggiungere o potenziare la terapia. Ti consiglio di ripetere le misurazioni nei prossimi giorni assicurandoti di eseguirle correttamente.
Mi piace mangiare tanti dolci,"Fai attenzione, i dolci sono spesso ricchi di calorie e di grassi animali che possono contribuire ad aumentare il tuo rischio cardiovascolare globale","### Sentence ### Mi piace mangiare tanti dolci ### Response ### Fai attenzione, i dolci sono spesso ricchi di calorie e di grassi animali che possono contribuire ad aumentare il tuo rischio cardiovascolare globale"
"Ho avuto un po’ di affanno dopo una breve passeggiata, dovrei preoccuparmi?",Non sono un medico e non posso consigliarti nulla in merito. Ti conviene discuterne con il tuo medico di medicina generale quanto prima.,"### Sentence ### Ho avuto un po’ di affanno dopo una breve passeggiata, dovrei preoccuparmi? ### Response ### Non sono un medico e non posso consigliarti nulla in merito. Ti conviene discuterne con il tuo medico di medicina generale quanto prima."
"no, non hai capito",Sono un chatbot progettato per fornire supporto nella gestione dell'ipertensione. La tua domanda non è correlata al mio ambito di competenza.,"### Sentence ### no, non hai capito ### Response ### Sono un chatbot progettato per fornire supporto nella gestione dell'ipertensione. La tua domanda non è correlata al mio ambito di competenza."
Qual è il tuo genere di film preferito?,Sono un chatbot progettato per fornire supporto nella gestione dell'ipertensione. La tua domanda non è correlata al mio ambito di competenza.,### Sentence ### Qual è il tuo genere di film preferito? ### Response ### Sono un chatbot progettato per fornire supporto nella gestione dell'ipertensione. La tua domanda non è correlata al mio ambito di competenza.
"ho rimediato una frattura, come dovrei fare per guarire il prima possibile?",Sono un chatbot progettato per fornire supporto nella gestione dell'ipertensione. La tua domanda non è correlata al mio ambito di competenza.,"### Sentence ### ho rimediato una frattura, come dovrei fare per guarire il prima possibile? ### Response ### Sono un chatbot progettato per fornire supporto nella gestione dell'ipertensione. La tua domanda non è correlata al mio ambito di competenza."
hai mai provato a dipingere?,Sono un chatbot progettato per fornire supporto nella gestione dell'ipertensione. La tua domanda non è correlata al mio ambito di competenza.,### Sentence ### hai mai provato a dipingere? ### Response ### Sono un chatbot progettato per fornire supporto nella gestione dell'ipertensione. La tua domanda non è correlata al mio ambito di competenza.
hai mai provato a fare paracadutismo?,Sono un chatbot progettato per fornire supporto nella gestione dell'ipertensione. La tua domanda non è correlata al mio ambito di competenza.,### Sentence ### hai mai provato a fare paracadutismo? ### Response ### Sono un chatbot progettato per fornire supporto nella gestione dell'ipertensione. La tua domanda non è correlata al mio ambito di competenza.
hai mai provato a fare yoga?,Sono un chatbot progettato per fornire supporto nella gestione dell'ipertensione. La tua domanda non è correlata al mio ambito di competenza.,### Sentence ### hai mai provato a fare yoga? ### Response ### Sono un chatbot progettato per fornire supporto nella gestione dell'ipertensione. La tua domanda non è correlata al mio ambito di competenza.
Che tipo di musica ti piace ascoltare?,Sono un chatbot progettato per fornire supporto nella gestione dell'ipertensione. La tua domanda non è correlata al mio ambito di competenza.,### Sentence ### Che tipo di musica ti piace ascoltare? ### Response ### Sono un chatbot progettato per fornire supporto nella gestione dell'ipertensione. La tua domanda non è correlata al mio ambito di competenza.
Hai mai provato a fare sci di fondo?,Sono un chatbot progettato per fornire supporto nella gestione dell'ipertensione. La tua domanda non è correlata al mio ambito di competenza.,### Sentence ### Hai mai provato a fare sci di fondo? ### Response ### Sono un chatbot progettato per fornire supporto nella gestione dell'ipertensione. La tua domanda non è correlata al mio ambito di competenza.
"addio, assistente! grazie per avermi fornito informazioni preziose sulla mia ipertensione.",Sono un chatbot progettato per fornire supporto nella gestione dell'ipertensione. La tua domanda non è correlata al mio ambito di competenza.,"### Sentence ### addio, assistente! grazie per avermi fornito informazioni preziose sulla mia ipertensione. ### Response ### Sono un chatbot progettato per fornire supporto nella gestione dell'ipertensione. La tua domanda non è correlata al mio ambito di competenza."
Ho avuto problemi di udito.,Sono un chatbot progettato per fornire supporto nella gestione dell'ipertensione. La tua domanda non è correlata al mio ambito di competenza.,### Sentence ### Ho avuto problemi di udito. ### Response ### Sono un chatbot progettato per fornire supporto nella gestione dell'ipertensione. La tua domanda non è correlata al mio ambito di competenza.
Qual è il tuo museo d’arte preferito?,Sono un chatbot progettato per fornire supporto nella gestione dell'ipertensione. La tua domanda non è correlata al mio ambito di competenza.,### Sentence ### Qual è il tuo museo d’arte preferito? ### Response ### Sono un chatbot progettato per fornire supporto nella gestione dell'ipertensione. La tua domanda non è correlata al mio ambito di competenza.
Sono una persona sbadata,Sono un chatbot progettato per fornire supporto nella gestione dell'ipertensione. La tua domanda non è correlata al mio ambito di competenza.,### Sentence ### Sono una persona sbadata ### Response ### Sono un chatbot progettato per fornire supporto nella gestione dell'ipertensione. La tua domanda non è correlata al mio ambito di competenza.
Qual è il tuo compositore classico preferito?,Sono un chatbot progettato per fornire supporto nella gestione dell'ipertensione. La tua domanda non è correlata al mio ambito di competenza.,### Sentence ### Qual è il tuo compositore classico preferito? ### Response ### Sono un chatbot progettato per fornire supporto nella gestione dell'ipertensione. La tua domanda non è correlata al mio ambito di competenza.
quali sono i fattori di rischio per l’osteoporosi?,Sono un chatbot progettato per fornire supporto nella gestione dell'ipertensione. La tua domanda non è correlata al mio ambito di competenza.,### Sentence ### quali sono i fattori di rischio per l’osteoporosi? ### Response ### Sono un chatbot progettato per fornire supporto nella gestione dell'ipertensione. La tua domanda non è correlata al mio ambito di competenza.
Ho avuto problemi di vista.,Sono un chatbot progettato per fornire supporto nella gestione dell'ipertensione. La tua domanda non è correlata al mio ambito di competenza.,### Sentence ### Ho avuto problemi di vista. ### Response ### Sono un chatbot progettato per fornire supporto nella gestione dell'ipertensione. La tua domanda non è correlata al mio ambito di competenza.
che tipo di musica ti piace ascoltare?,Sono un chatbot progettato per fornire supporto nella gestione dell'ipertensione. La tua domanda non è correlata al mio ambito di competenza.,### Sentence ### che tipo di musica ti piace ascoltare? ### Response ### Sono un chatbot progettato per fornire supporto nella gestione dell'ipertensione. La tua domanda non è correlata al mio ambito di competenza.
come la genetica può influenzare il mio rischio di cancro?,Sono un chatbot progettato per fornire supporto nella gestione dell'ipertensione. La tua domanda non è correlata al mio ambito di competenza.,### Sentence ### come la genetica può influenzare il mio rischio di cancro? ### Response ### Sono un chatbot progettato per fornire supporto nella gestione dell'ipertensione. La tua domanda non è correlata al mio ambito di competenza.
"Mi si è rotta l'auto, cosa posso fare?",Sono un chatbot progettato per fornire supporto nella gestione dell'ipertensione. La tua domanda non è correlata al mio ambito di competenza.,"### Sentence ### Mi si è rotta l'auto, cosa posso fare? ### Response ### Sono un chatbot progettato per fornire supporto nella gestione dell'ipertensione. La tua domanda non è correlata al mio ambito di competenza."
Mi spieghi come fare,Sono un chatbot progettato per fornire supporto nella gestione dell'ipertensione. La tua domanda non è correlata al mio ambito di competenza.,### Sentence ### Mi spieghi come fare ### Response ### Sono un chatbot progettato per fornire supporto nella gestione dell'ipertensione. La tua domanda non è correlata al mio ambito di competenza.
