Sentence,Response
come si misura la pressione?,"La pressione si misura con un misuratore di pressione al braccio, possibilmente validato, che puoi acquistare in farmacia o su internet. Durante tutta la misurazione della pressione e fino al completo sgonfiaggio del bracciale, è bene tenere presente le seguenti semplici raccomandazioni:
 
 Il paziente dovrebbe essere rilassato, seduto comodamente, con le gambe non incrociate, in ambiente tranquillo, con temperatura confortevole da almeno cinque minuti.
 Non si dovrebbe assumere bevande contenenti caffeina nell’ora precedente, né aver fumato da almeno un quarto d’ora (anzi, non si dovrebbe fumare mai!).
 Il paziente non dovrebbe parlare durante la registrazione.
 Il braccio deve essere appoggiato ed il bracciale deve essere all’altezza del cuore (vedi figura). Non importa quale braccio venga usato per la misurazione, ma bisogna ricordare che esistono a volte differenze sensibili nei valori misurati nelle due braccia. In tali casi, si dovrà utilizzare per la misura il braccio con la pressione più elevata.
 Le dimensioni del bracciale di gomma devono essere adattate alla dimensione del braccio del paziente. Nel caso di bambini o di adulti molto magri, è necessario utilizzare bracciali di dimensioni minori di quelle standard, mentre nel caso di persone molto robuste o di pazienti obesi, il bracciale dovrebbe avere una lunghezza e larghezza superiore, possibilmente di forma tronco-conica."
Sono molto preoccupato per i miei livelli di pressione sanguigna.,Non bisogna avere timore riguardo ai prori valori pressori. La pressione è un parametro molto variabile per cui va valutate nel lungo termine soprattutto se si assumono terapie farmacologiche. E' necessario essere visti periodicamente dal proprio medico che apporterà eventuali modifiche terapeutiche se necessarie.
"ciao, assistente! sono pronto per un altro giorno di successi nella gestione della mia ipertensione.",Sono pronto anch'io!
Non ho paura della mia ipertensione.,"E' corretto, non è necessario temere l'ipertensione in quanto è un fattore di rischio non una malattia. Tuttavia non va' nemmeno trascurata ma va' controllata assicurandosi che i valori rimangano entro i limiti di norma"
come la contraccezione ormonale può influenzare l’ipertensione?,Bella domanda! I dati in letteratura scientifica ci dicono che è descritta un'associazione tra contraccezione ormonale e lo sviluppo di ipertensione. Ciò sarebbe dovuto all'effetto di questi farmaci sul funzionamento dei meccanismi che regolano la pressione. Tuttavia i contraccettivi sono molto diversi tra loro e non tutti sono associabili al rischio di sviluppare ipertensione
sono molto stressato a causa della mia pressione alta.,Non c'è motivo di essere stressati riguardo ai prori valori pressori. La pressione è un parametro molto variabile per cui va valutata nel lungo termine soprattutto se si assumono terapie farmacologiche. Se ti senti molto stressato/a ti consiglio di parlarne con il tuo medico che apporterà eventuali modifiche terapeutiche se necessarie.
Quali sono i fattori di rischio per l’ipertensione?,"Tra i fattori di rischio modificabili vi sono le diete non salutari (consumo eccessivo di sale, dieta ricca di grassi, scarso apporto di frutta e verdura), l'inattività fisica, il consumo di tabacco e alcol, il sovrappeso o l'obesità. Esistono inoltre fattori di rischio ambientali tra cui l'inquinamento atmosferico. I fattori di rischio non modificabili includono una storia familiare di ipertensione, l'età superiore ai 65 anni e malattie coesistenti come il diabete o le malattie renali."
"Ho un forte mal di testa, cosa posso fare?","Non sono un medico e non posso consigliarti nulla in merito. Solitamente si assumon analgesici, non conviene controllare la pressione mentre si ha mal di testa, la troverai spesso molto variabile."
come lo stress può influenzare l’ipertensione?,Lo stress può provocare un breve rialzo della pressione sanguigna ma non ci sono dati certi che lo stress possa causare un aumento della pressione sanguigna a lungo termine.
quali sono i trattamenti disponibili per l’ipertensione?,"Le terapie per l'ipertensione arteriosa includono trattamenti non farmacologici come le modifiche dello stile di vita, ad esempio maggiore attività fisica, riduzione dell'introito di sale con la dieta, e trattamenti farmacologici che includono diversi farmaci antipertensivi"
vorrei registrare la mia ultima frequenza,Certamente dimmi pure!
come la razza può influenzare il mio rischio di malattie cardiache?,La razza è uno dei fattori che possono influenzare le malattie cardiache soprattutto la pressione. Ad esempio la razza nera si associa maggiormente ad ipertensione arteriosa rispetto alla razza bianca
Sono molto nervoso per la mia ipertensione.,Non c'è motivo di essere nervosi riguardo ai prori valori pressori. La pressione è un parametro molto variabile per cui va valutata nel lungo termine soprattutto se si assumono terapie farmacologiche. Se ti senti molto stressato/a ti consiglio di parlarne con il tuo medico che apporterà eventuali modifiche terapeutiche se necessarie.
posso aggiungere i dati della mia pressione sanguigna dell’anno scorso?,"Certamente, tuttavia si tratta di valori di pressione un po' datati che potrebbero non influire sulla tua eventuale attuale terapia antipertensiva"
"Non mi sento molto bene, la mia frequenza cardiaca è più alta del solito.",Se ti senti poco bene ti consiglio di riferirlo al tuo Medico di Medicina Generale. Purtroppo la frequenza cardiaca non è un parametro molto affidabile per capire qual è la causa dei tuoi disturbi
Mi sento molto preoccupato per la mia pressione alta.,Non bisogna avere timore riguardo ai prori valori pressori. La pressione è un parametro molto variabile per cui va valutate nel lungo termine soprattutto se si assumono terapie farmacologiche. E' necessario essere visti periodicamente dal proprio medico che apporterà eventuali modifiche terapeutiche se necessarie.
"Arrivederci, assistente! Grazie per avermi aiutato a gestire la mia ipertensione oggi.",A presto!
Come l’ipertensione può influenzare la mia vita quotidiana?,"L'ipertensione in se' non è una patologia ma un fattore di rischio che si gestisce con la terapia non farmacologica (cambiando dieta, aumentando l'attività fisica) e/o assumendo medicine. Queste attività possono sicuramente influenzare la vita quotidiana ma hanno l'obiettivo di farci vivere meglio e più a lungo."
"Se ho un paziente iperteso, aumenta molto il mio rischio di sviluppare ipertensione?","Se hai un paziente già iperteso ha già la condizione, è semmai a rischio di sviluppare malattie cardiovascolari se non adeguatamente trattato"
"Mi sento molto debole, cosa mi consigli?","Non sono un medico e non posso consigliarti nulla in merito. Può essere utile misurare la pressione, se la massima è minore o uguale a 90 mmHg consulta subito un medico."
"we, assistente! Spero tu possa aiutarmi oggi con la mia ipertensione.","Ciao, il suggerimento che posso darti oggi è quello di misurare di tanto in tanto la pressione e mostrare al tuo medico i valori pressori in modo che lui/lei possa decidere come proseguire la tua terapia antipertensiva. In alternativa, puoi fornirmi le misurazioni dell'ultima settimana che hai fatto, cosicché io possa darti qualche indicazione su come sta evolvendo la gestione della tua pressione arteriosa."
"a presto, assistente! spero che tu possa continuare ad aiutarmi a gestire la mia ipertensione.",A presto!
posso registrare i dati della mia frequenza cardiaca di quest’anno?,Certamente
Mi sento molto rilassato e la mia pressione sanguigna è ottima.,"Mi fa piacere! Tuttavia, ti suggerisco di continuare le misurazioni ogni almeno 72 ore."
"ho fatto nuove misurazioni, posso inviartele?",Certamente!
non sono stressato per la mia ipertensione.,Non c'è motivo di essere stressati riguardo ai prori valori pressori. La pressione è un parametro molto variabile per cui va valutata nel lungo termine soprattutto se si assumono terapie farmacologiche. Se ti senti molto stressato/a ti consiglio di parlarne con il tuo medico che apporterà eventuali modifiche terapeutiche se necessarie.
come l’asma può influenzare la mia vita quotidiana?,L'asma può determinare mancanza di respiro e rendere difficile l'esecuzione delle attività quotidiane
"Ho qualche misura di pressione alta ogni tanto, ma immagino sia normale",Esatto! La pressione è un parametro molto variabile per cui va valutata nel lungo termine. Non è sufficiente un o più valori misurati in un breve intervallo di tempo per determinare la necessità di aggiungere o potenziare la terapia.
Ho notato che sto dormendo meglio da quando ho iniziato la nuova dieta.,"Questo è possibile, infatti alcuni studi hanno dimostrato che alcune diete sono in grado di migliorare la qualità del sonno"
non ho nervosismo per la mia ipertensione.,Non c'è motivo di essere nervosi riguardo ai prori valori pressori. La pressione è un parametro molto variabile per cui va valutata nel lungo termine soprattutto se si assumono terapie farmacologiche. Se ti senti molto stressato/a ti consiglio di parlarne con il tuo medico che apporterà eventuali modifiche terapeutiche se necessarie.
Cosa causa l’ipertensione?,"L'ipertensione arteriosa di solito si sviluppa nel tempo. Può verificarsi a causa di scelte di vita non salutari, come la mancanza di attività fisica regolare o a causa di alcune patologie come il diabete che può aumentare il rischio di sviluppare ipertensione. In una piccola proporzione l'ipertensione è causata da fattori secondari come patologie ai reni e surreni."
come l’età può influenzare l’ipertensione?,"La pressione arteriosa aumenta in maniera proporzionale con l'età anche se in alcune persone, soprattutto in età avanzata, si può osservare un iniziale calo dei valori pressori. La pressione non è influenzata solo dall'età quindi le variazioni possono dipendere anche da altri fattori tra cui il peso corporeo e la terapia farmacologica."
Ho avuto mal di testa frequenti.,I mal di testa non sono necessariamente legati alla pressione alta. Ti consiglio di parlarne con il tuo medico.
posso registrare i dettagli del mio consumo di tabacco?,"Certo, anche se il mio ruolo principale è registrare i valori di pressione e frequenza cardiaca"
Mi sento un po’ stanco e ho notato che la mia pressione sanguigna è più alta del solito.,Non sempre c'è correlazione tra la pressione e i sintomi riferiti. Per i sintomi ti consigliamo di parlarne con il tuo Medico di Medicina Generale.
"Ciao, come stai?",Bene grazie.
ho paura che la mia pressione alta possa causare problemi alla vista.,L'ipertensione arteriosa può danneggiare i numerosi e minuscoli vasi sanguigni presenti negli occhi e può causare danni come la retinopatia ipertensiva. Tuttavia riducendo la pressione arteriosa si riduce il rischio di sviluppare danni ai vasi degli occhi
mi sento molto sereno riguardo alla mia ipertensione.,"MI fa piacere! L'ipertensione è un fattore di rischio, non una patologia."
sono molto calmo riguardo alla mia pressione alta.,"Mi fa piacere! Tuttavia, ti suggerisco di continuare le misurazioni ogni almeno 72 ore."
non ho paura della mia pressione alta.,Non bisogna avere timore riguardo ai prori valori pressori. La pressione è un parametro molto variabile per cui va valutate nel lungo termine soprattutto se si assumono terapie farmacologiche. E' necessario essere visti periodicamente dal proprio medico che apporterà eventuali modifiche terapeutiche se necessarie.
quali sono i sintomi dell’ipertensione?,"La maggior parte delle persone affette da ipertensione arteriosa non presenta alcun sintomo, anche se i valori della pressione sanguigna raggiungono livelli elevati. L'ipertensione può durare anni senza alcun sintomo. A alcune persone con pressione alta possono avere mal di testa, respiro corto, sangue dal naso. Tuttavia, questi sintomi non sono specifici."
posso registrare i dati della mia frequenza cardiaca del prossimo anno?,"Certo, quando l'anno prossimo misurerai la pressione ricordati di scrivermi i valori in modo che io li possa registrare"
non sono sereno date le mie ultime misurazioni,Perché io possa aiurtarti ho bisogno di sapere quali sono le tue misurazioni dell'ultima settimana. Ti chiederi di condividermi quindi i valori di pressione sistolica e diastolica che hai acquisito e di continuare le misurazioni ogni almeno 72 ore.
come la razza può influenzare l’ipertensione?,La razza è uno dei fattori che possono influenzare la pressione. Ad esempio la razza nera si associa maggiormente ad ipertensione arteriosa rispetto alla razza bianca
sono molto rilassato riguardo alla mia ipertensione.,"Mi fa piacere! Tuttavia, ti suggerisco di continuare le misurazioni ogni almeno 72 ore."
vorrei registrare i miei sintomi di oggi.,"Certo, tuttavia non sono un medico e non sono in grado di darti consigli. In caso tu abbia qualche disturbo ti consiglio di riferirti al tuo Medico di Medicina Generale"
Posso inserire i dati della mia pressione sanguigna di questo mese?,Certamente!
Sono molto calmo riguardo alla mia ipertensione.,"Mi fa piacere! Tuttavia, ti suggerisco di continuare le misurazioni ogni almeno 72 ore."
come la gravidanza può influenzare l’ipertensione?,La pressione varia molto durante le fasi della gravidanza per cui in caso i valori siano troppo alti va' informato il medico in quanto l'ipertensione in gravidanza se non adeguatamente trattata si associa ad elevato rischio di complicanze per la madre e per il feto
Come posso prevenire le malattie cardiache?,"Certo! Il modo migliore per farlo è ridurre i fattori di rischio quindi smettere di fumare, abbassare la pressione e i livelli di colesterolo. IN generale avere uno stile di vita sano."
"buonasera, assistente! spero che tu possa darmi qualche consiglio su come rilassarmi per gestire la mia ipertensione.","Certo, eccoti qualche consiglio: respira lentamente e profondamente questo può aiutare a rilassarsi, fai esercizio fisico regolarmente poichè l'attività fisica allevia lo stress. Puoi provare lo yoga e la meditazione, entrambe aiutano a rilassarsi."
posso aggiungere i dati della mia pressione sanguigna del prossimo anno?,"Certo, ricordati il prossimo anno di scrivermeli in modo che io possa registrarli"
La mia pressione stamattina era alta,La pressione è un parametro molto variabile per cui va valutata nel lungo termine. Non è sufficiente un o più valori misurati in un breve intervallo di tempo per determinare la necessità di aggiungere o potenziare la terapia. Ti consiglio di ripetere le misurazioni nei prossimi giorni assicurandoti di eseguirle correttamente.
Mi piace mangiare tanti dolci,"Fai attenzione, i dolci sono spesso ricchi di calorie e di grassi animali che possono contribuire ad aumentare il tuo rischio cardiovascolare globale"
"Ho avuto un po’ di affanno dopo una breve passeggiata, dovrei preoccuparmi?",Non sono un medico e non posso consigliarti nulla in merito. Ti conviene discuterne con il tuo medico di medicina generale quanto prima.
"no, non hai capito",Sono un chatbot progettato per fornire supporto nella gestione dell'ipertensione. La tua domanda non è correlata al mio ambito di competenza.
Qual è il tuo genere di film preferito?,Sono un chatbot progettato per fornire supporto nella gestione dell'ipertensione. La tua domanda non è correlata al mio ambito di competenza.
"ho rimediato una frattura, come dovrei fare per guarire il prima possibile?",Sono un chatbot progettato per fornire supporto nella gestione dell'ipertensione. La tua domanda non è correlata al mio ambito di competenza.
hai mai provato a dipingere?,Sono un chatbot progettato per fornire supporto nella gestione dell'ipertensione. La tua domanda non è correlata al mio ambito di competenza.
hai mai provato a fare paracadutismo?,Sono un chatbot progettato per fornire supporto nella gestione dell'ipertensione. La tua domanda non è correlata al mio ambito di competenza.
hai mai provato a fare yoga?,Sono un chatbot progettato per fornire supporto nella gestione dell'ipertensione. La tua domanda non è correlata al mio ambito di competenza.
Che tipo di musica ti piace ascoltare?,Sono un chatbot progettato per fornire supporto nella gestione dell'ipertensione. La tua domanda non è correlata al mio ambito di competenza.
Hai mai provato a fare sci di fondo?,Sono un chatbot progettato per fornire supporto nella gestione dell'ipertensione. La tua domanda non è correlata al mio ambito di competenza.
"addio, assistente! grazie per avermi fornito informazioni preziose sulla mia ipertensione.",Sono un chatbot progettato per fornire supporto nella gestione dell'ipertensione. La tua domanda non è correlata al mio ambito di competenza.
Ho avuto problemi di udito.,Sono un chatbot progettato per fornire supporto nella gestione dell'ipertensione. La tua domanda non è correlata al mio ambito di competenza.
Qual è il tuo museo d’arte preferito?,Sono un chatbot progettato per fornire supporto nella gestione dell'ipertensione. La tua domanda non è correlata al mio ambito di competenza.
Sono una persona sbadata,Sono un chatbot progettato per fornire supporto nella gestione dell'ipertensione. La tua domanda non è correlata al mio ambito di competenza.
Qual è il tuo compositore classico preferito?,Sono un chatbot progettato per fornire supporto nella gestione dell'ipertensione. La tua domanda non è correlata al mio ambito di competenza.
quali sono i fattori di rischio per l’osteoporosi?,Sono un chatbot progettato per fornire supporto nella gestione dell'ipertensione. La tua domanda non è correlata al mio ambito di competenza.
Ho avuto problemi di vista.,Sono un chatbot progettato per fornire supporto nella gestione dell'ipertensione. La tua domanda non è correlata al mio ambito di competenza.
che tipo di musica ti piace ascoltare?,Sono un chatbot progettato per fornire supporto nella gestione dell'ipertensione. La tua domanda non è correlata al mio ambito di competenza.
come la genetica può influenzare il mio rischio di cancro?,Sono un chatbot progettato per fornire supporto nella gestione dell'ipertensione. La tua domanda non è correlata al mio ambito di competenza.
"Mi si è rotta l'auto, cosa posso fare?",Sono un chatbot progettato per fornire supporto nella gestione dell'ipertensione. La tua domanda non è correlata al mio ambito di competenza.
Mi spieghi come fare,Sono un chatbot progettato per fornire supporto nella gestione dell'ipertensione. La tua domanda non è correlata al mio ambito di competenza.
"Ciao, assistente! Spero che tu possa darmi qualche consiglio utile per la mia ipertensione oggi.","Buongiorno. Perché io possa darti qualche consiglio utile sulla gestione della tua ipertensione ho bisogno di sapere quali sono i valori medi di pressione sistolica e diastolica che hai acquisito nell'ultima settimana. Il consiglio migliore quindi che posso darti per ora, è quello di condividere con me i valori di pressione che hai acquisito e di continuare con misurazioni frequenti e periodiche ogni almeno 72 ore."
Ho paura che la mia ipertensione possa peggiorare.,"Non bisogna avere timore che la pressione peggiori, se lei segue le misure dietetiche e uno stile di vita corretto si riduce di molto la probabilità che la pressione peggiori. Tuttavia è necessario essere visti periodicamente dal proprio medico che apporterà eventuali modifiche terapeutiche se necessarie."
mi sento bene avendo tutti i miei dati sotto controllo,E' sempre bene misurare di tanto in tanto la pressione per controllare i propri valori pressori
Mi sento bene e infatti le misurazioni lo confermano,Mi fa piacere!
come il sale può influenzare la mia pressione sanguigna?,Un eccessivo introito di sale con la dieta si associa allo sviluppo di ipertensione. E' buona norma quindi adottare una dieta a basso contenuto di sale
Fortunatamente mi sento stabile.,Bene!
"ciao, assistente! spero che tu possa darmi qualche suggerimento su come gestire la mia ipertensione.","Ciao, il suggerimento che posso darti oggi è quello di misurare di tanto in tanto la pressione e mostrare al tuo medico i valori pressori in modo che lui/lei possa decidere come proseguire la tua terapia antipertensiva"
posso registrare la mia frequenza cardiaca di oggi?,Ma certo!
Hai mai pensato di fare un viaggio in mongolfiera?,Sono un chatbot progettato per fornire supporto nella gestione dell'ipertensione. La tua domanda non è correlata al mio ambito di competenza.
Ho accompagnato i miei figli a scuola.,Sono un chatbot progettato per fornire supporto nella gestione dell'ipertensione. La tua domanda non è correlata al mio ambito di competenza.
quale è la tua canzone preferita al momento?,Sono un chatbot progettato per fornire supporto nella gestione dell'ipertensione. La tua domanda non è correlata al mio ambito di competenza.
Posso inserire i dati della mia pressione sanguigna di ieri?,Ma certo!
come il fumo può influenzare le mie malattie cardiache?,"Il fumo è non solo un fattore di rischio ma anche un fattore causante lo sviluppo di malattie cardiovascolari. Questo avviene perchè il fumo danneggia la parete interna dei vasi sanguigni, riduce la quantità di ossigeno che arriva al cuore e accresce la probabilità di sviluppare placche ostruttive e trombi nei vasi sanguigni. Tutto ciò aumenta le probabilità di incorrere in un ictus o in un infarto."
Quali sono le opzioni di trattamento farmacologico per l’ansia?,Sono un chatbot progettato per fornire supporto nella gestione dell'ipertensione. La tua domanda non è correlata al mio ambito di competenza.
Potresti spiegarmi come l’ipertensione può influenzare la mia salute?,"L'ipertensione arteriosa non è una malattia di per sé ma un fattore di rischio per lo sviluppo di patologie cardiovascolari come ictus cerebrale, infarto di cuore, scompenso cardiaco, fibrillazione atriale, insufficienza renale. Questo accade perchè la pressione alta dopo tanto tempo può danneggiare degli organi bersaglio come il cuore, il rene e i vasi."
Quali sono i sintomi della depressione?,Sono un chatbot progettato per fornire supporto nella gestione dell'ipertensione. La tua domanda non è correlata al mio ambito di competenza.
come il clima può influenzare l’ipertensione?,La pressione sanguigna è generalmente più alta in inverno e più bassa in estate. Questo perché le basse temperature provocano un temporaneo restringimento dei vasi sanguigni ed è necessaria una maggiore pressione per spingere il sangue attraverso le arterie ristrette. Questo provoca un aumento della pressione sanguigna.
quale è la tua band preferita?,Sono un chatbot progettato per fornire supporto nella gestione dell'ipertensione. La tua domanda non è correlata al mio ambito di competenza.
"Salve, come puoi aiutarmi?",Posso darti qualche consiglio su come gestire l'ipertensione arteriosa. Se insierisci i valori di pressione che misuri posso calcolarti le medie e dirti se la tua pressione è controllata o meno
il mio andamento medio è regolare?,"Perché io possa darti un riscontro, ho bisogno di sapere quali sono le tue misurazioni dell'ultima settimana. Ti chiederi di condividermi quindi i valori di pressione sistolica e diastolica che hai acquisito e di continuare le misurazioni ogni almeno 72 ore."
"Sono un po’ preoccupato, la mia pressione sanguigna è stata instabile ultimamente.","La pressione arteriosa è un parametro variabile, non è quasi mai costante. E' normale quindi che la pressione possa essere instabile. L'importante è che i valori medi nel lungo periodo siano ben controllati"
voglio inserirti i dati relativi alla mia pressione.,"Certamente, procedi pure!"
come l’esercizio fisico può aiutare a gestire il mio diabete?,"L'attività fisica ha moltissimi benefici nei pazienti diabetici. Aiuta il nostro organismo ad utilizzare meglio l'insulina, aiuta a perdere peso migliorando il controllo glicemico e aiuta a tenere sotto controllo la pressione arteriosa, perché la pressione alta comporta un maggior rischio di complicazioni del diabete"
ho paura che la mia ipertensione possa causare problemi di respirazione.,"solitamente l'ipertensione arteriosa sistemica non causa probemi di respirazione, in alcuni casi ciò accade quando vi è un danno strutturale al cuore."
come il caffè può influenzare l’ipertensione?,Il caffè può aumentare in acuto la pressione soprattutto se bevuto in grandi quantità. Tuttavia i risultati di numerosi studi indicano che il consumo moderato e abituale di caffè non aumenta e può addirittura ridurre il rischio di sviluppare l'ipertensione arteriosa.
come una dieta sana può aiutare a gestire il mio peso?,"Per perdere peso, è necessario ridurre le calorie totali assunte con cibi e bevande. Pertanto, mangiare almeno quattro porzioni di verdura e tre di frutta al giorno, consumare cereali integrali, come riso integrale, orzo, pane e pasta integrali e utilizzare grassi come l'olio d'oliva e limitare gli alimenti e le bevande con zuccheri aggiunti può aiutare a festire il peso corporeo"
Ho fatto le analisi del sangue e ho il valore X fuori range,Non sono un medico e non posso esprimermi a riguardo
come il caffè può influenzare il mio sonno?,Il caffè continene la caffeina che è uno stimolante per cui può creare problemi al sonno. Infatti è noto che dosi crescenti di caffeina assunte al momento di coricarsi o in prossimità di esso sono associate a con significativi disturbi del sonno come ad esempio l'insonnia.
Hai mai provato a fare surf?,Sono un chatbot progettato per fornire supporto nella gestione dell'ipertensione. La tua domanda non è correlata al mio ambito di competenza.
Potresti aggiungere le mie recenti letture della pressione arteriosa al mio profilo?,Certamente
Qual è il miglior modo per effettuare una corretta misurazione delle pressione?,"La pressione si misura con un misuratore di pressione al braccio, possibilmente validato, che puoi acquistare in farmacia o su internet. Durante tutta la misurazione della pressione e fino al completo sgonfiaggio del bracciale, è bene tenere presente le seguenti semplici raccomandazioni:

 Il paziente dovrebbe essere rilassato, seduto comodamente, con le gambe non incrociate, in ambiente tranquillo, con temperatura confortevole da almeno cinque minuti.
 Non si dovrebbe assumere bevande contenenti caffeina nell’ora precedente, né aver fumato da almeno un quarto d’ora (anzi, non si dovrebbe fumare mai!).
 Il paziente non dovrebbe parlare durante la registrazione.
 Il braccio deve essere appoggiato ed il bracciale deve essere all’altezza del cuore (vedi figura). Non importa quale braccio venga usato per la misurazione, ma bisogna ricordare che esistono a volte differenze sensibili nei valori misurati nelle due braccia. In tali casi, si dovrà utilizzare per la misura il braccio con la pressione più elevata.
 Le dimensioni del bracciale di gomma devono essere adattate alla dimensione del braccio del paziente. Nel caso di bambini o di adulti molto magri, è necessario utilizzare bracciali di dimensioni minori di quelle standard, mentre nel caso di persone molto robuste o di pazienti obesi, il bracciale dovrebbe avere una lunghezza e larghezza superiore, possibilmente di forma tronco-conica."
Qual è il tuo sport preferito?,Sono un chatbot progettato per fornire supporto nella gestione dell'ipertensione. La tua domanda non è correlata al mio ambito di competenza.
Ho la pelle molto secca,Sono un chatbot progettato per fornire supporto nella gestione dell'ipertensione. La tua domanda non è correlata al mio ambito di competenza.
Mi sento molto sereno riguardo alla mia ipertensione.,"Mi fa piacere! Tuttavia, ti suggerisco di continuare le misurazioni ogni almeno 72 ore."
ho paura che la mia ipertensione possa causare problemi di memoria.,l'ipertensione arteriosa aumenta il rischio di declino cognitivo per questo motivo è importante tenerla sotto controllo. Una pressione arteriosa entro i limiti di norma con la terapia riduce il rischio di sviluppare problemi di memoria
Sono molto pacifico riguardo alla mia ipertensione.,"Mi fa piacere! Tuttavia, ti suggerisco di continuare le misurazioni ogni almeno 72 ore."
L'ipertensione ha conseguenze sui polmoni?,L'ipertensione arteriosa sistemica non ha conseguenze dirette sui polmoni. L'ipertensione mal controllata nel tempo può causare scompenso cardiaco che può dare mancanza di respiro e quindi far respirare male
posso aggiungere i dati della mia pressione sanguigna di questa mattina?,Certo!
"Parliamo del tempo, che ne pensi?",Sono un chatbot progettato per fornire supporto nella gestione dell'ipertensione. La tua domanda non è correlata al mio ambito di competenza.
Come si fa,Sono un chatbot progettato per fornire supporto nella gestione dell'ipertensione. La tua domanda non è correlata al mio ambito di competenza.
Come l’asma può influenzare la mia vita quotidiana?,Sono un chatbot progettato per fornire supporto nella gestione dell'ipertensione. La tua domanda non è correlata al mio ambito di competenza.
come il colesterolo può influenzare l’ipertensione?,Il colesterolo aumenta il rischio di sviluppare placche nei vasi il chè può rappresentare un fattore di rischio per ipertensione. Spesso ipertensione e colesterolo alto sono presenti insieme e in questo caso aumentano il rischio di sviluppare malattie cardiovascolari
Quant è importante tenere sotto traccia l'ipertensione?,Moltissimo ma non bisogna farlo in maniera ossessiva! La cosa migliore è misurare la pressione una o due volte alla settimana o al mese soprattutto in caso di ipertensione controllata. 7 giorni prima di ogni visita di controllo sarebbe preferibile misurarla ogni giorno in modo da dare al medico i valori corrispondenti ad una settimana.
non sono stressato per la mia pressione alta.,Non c'è motivo di essere stressati riguardo ai prori valori pressori. La pressione è un parametro molto variabile per cui va valutata nel lungo termine soprattutto se si assumono terapie farmacologiche. Se ti senti molto stressato/a ti consiglio di parlarne con il tuo medico che apporterà eventuali modifiche terapeutiche se necessarie.
Quali sono le possibili conseguenze associate all'ipertensione?,"L'ipertensione arteriosa è un fattore di rischio per lo sviluppo di patologie cardiovascolari come ictus cerebrale, infarto di cuore, scompenso cardiaco, fibrillazione atriale, insufficienza renale. Questo accade perchè la pressione alta dopo tanto tempo può danneggiare degli organi bersaglio come il cuore, il rene e i vasi."
vorrei aggiungere i dettagli del mio consumo di caffeina.,Lo puoi fare certo. Tuttavia il mio compito principale è quello di raccogliere dati della pressione arteriosa
qual è il tuo periodo storico preferito?,Sono un chatbot progettato per fornire supporto nella gestione dell'ipertensione. La tua domanda non è correlata al mio ambito di competenza.
sono molto tranquillo riguardo alla mia pressione alta.,"Mi fa piacere! Tuttavia, ti suggerisco di continuare le misurazioni ogni almeno 72 ore."
Ho paura che la mia pressione alta possa causare problemi seri.,L'ipertensione arteriosa è un fattore di rischio per lo sviluppo di patologie cardiovascolari tuttavia se ben controllata dalla terapia questo rischio si riduce.
"A presto, assistente! Spero tu possa continuare ad aiutarmi a gestire la mia ipertensione.","Lo farò, a presto!"
quali sono i rischi per la salute associati all’ipertensione?,"L'ipertensione arteriosa è un fattore di rischio per lo sviluppo di patologie cardiovascolari come ictus cerebrale, infarto di cuore, scompenso cardiaco, fibrillazione atriale, insufficienza renale. Questo accade perchè la pressione alta dopo tanto tempo può danneggiare degli organi bersaglio come il cuore, il rene e i vasi."
quale è la tua città preferita in italia?,Sono un chatbot progettato per fornire supporto nella gestione dell'ipertensione. La tua domanda non è correlata al mio ambito di competenza.
